insert into USER (email, password, connected, firstname, lastname, role) values ('arthur@noob.com', '$2a$10$weBPBEyngyJSiHQqjRlCO.ZATFl1AFxCsDdJBsL6ouSAV9dy0OUBS', false, 'arthur', 'Cavaillé', 'admin');
insert into admin (email) values ('arthur@noob.com');
insert into current_year (year) values('2019');
insert into USER (email, password, connected, firstname, lastname, role) values ('srowlands0@vimeo.com', '$2a$10$weBPBEyngyJSiHQqjRlCO.ZATFl1AFxCsDdJBsL6ouSAV9dy0OUBS', false, 'Maëlla', 'Bendix', 'student');
insert into USER (email, password, connected, firstname, lastname, role) values ('rsemper2o@comsenz.com', '$2a$10$weBPBEyngyJSiHQqjRlCO.ZATFl1AFxCsDdJBsL6ouSAV9dy0OUBS', false, 'Nadège', 'Winkle', 'student');
insert into USER (email, password, connected, firstname, lastname, role) values ('jbelhome2p@microsoft.com', '$2a$10$weBPBEyngyJSiHQqjRlCO.ZATFl1AFxCsDdJBsL6ouSAV9dy0OUBS', false, 'Eugénie', 'Joseff', 'student');
insert into USER (email, password, connected, firstname, lastname, role) values ('mbaudain2q@archive.org', '$2a$10$weBPBEyngyJSiHQqjRlCO.ZATFl1AFxCsDdJBsL6ouSAV9dy0OUBS', false, 'Måns', 'Besantie', 'student');
insert into USER (email, password, connected, firstname, lastname, role) values ('nkirkby2r@amazon.co.uk', '$2a$10$weBPBEyngyJSiHQqjRlCO.ZATFl1AFxCsDdJBsL6ouSAV9dy0OUBS', false, 'Marylène', 'Bolesworth', 'student');

insert into Student (email,id) values ('srowlands0@vimeo.com',1);
insert into Student (email,id) values ('rsemper2o@comsenz.com',2);
insert into Student (email,id) values ('jbelhome2p@microsoft.com',3);
insert into Student (email,id) values ('mbaudain2q@archive.org',4);
insert into Student (email,id) values ('nkirkby2r@amazon.co.uk',5);

insert into teaching_unit (code, credit_value, discipline, name) values ('ENSPHCU86', 6, 'Mathématiques et applications', 'Calcul scientifique');
insert into teaching_unit (code, credit_value, discipline, name) values ('ENSPHCU89', 6, 'Mathématiques et applications', 'Optimisation et contrôle');
insert into teaching_unit (code, credit_value, discipline, name) values ('ENSPHCU97', 6, 'Mathématiques et applications', 'Cours spécialisés Recherche 1');
insert into teaching_unit (code, credit_value, discipline, name) values ('ENSPHCU98', 6, 'Mathématiques et applications', 'Cours spécialisés Recherche 2');
insert into teaching_unit (code, credit_value, discipline, name) values ('ENSPHDU32', 6, 'Mathématiques et applications', 'Cours spécialisés Recherche 3');
insert into teaching_unit (code, credit_value, discipline, name) values ('ENSPHDU34', 6, 'Mathématiques et applications', 'Cours spécialisés Professionnel 1');
insert into teaching_unit (code, credit_value, discipline, name) values ('ENSPHDU36', 6, 'Mathématiques et applications', 'Cours spécialisés Professionnel 2');
insert into teaching_unit (code, credit_value, discipline, name) values ('ENSPHDU37', 3, 'Mathématiques et applications', 'Langues');
insert into teaching_unit (code, credit_value, discipline, name) values ('ENASPAU7', 6, 'Mathématiques et applications', 'Mouvement Brownien et calcul stochastique (Tronc commun Probabilité)');
insert into teaching_unit (code, credit_value, discipline, name) values ('ENASPCU1', 6, 'Mathématiques et applications', 'Statistique non paramétrique (Tronc commun Statistique)');
insert into teaching_unit (code, credit_value, discipline, name) values ('ENASPCU10', 6, 'Mathématiques et applications', 'Cours spécialisés Statistique 1');
insert into teaching_unit (code, credit_value, discipline, name) values ('ENASPCU11', 6, 'Mathématiques et applications', 'Cours spécialisés Statistique 2');
insert into teaching_unit (code, credit_value, discipline, name) values ('ENASPCU12', 6, 'Mathématiques et applications', 'Cours spécialisés Probabilité 1');

insert into exam (code, type_exam) values (989, 'Examen');
insert into exam (code, type_exam) values (990, 'Examen');
insert into exam (code, type_exam) values (991, 'Examen');
insert into exam (code, type_exam) values (992, 'Examen');
insert into exam (code, type_exam) values (993, 'Examen');
insert into exam (code, type_exam) values (994, 'Examen');
insert into exam (code, type_exam) values (995, 'Examen');
insert into exam (code, type_exam) values (996, 'Examen');
insert into exam (code, type_exam) values (997, 'Examen');
insert into exam (code, type_exam) values (998, 'Examen');
insert into exam (code, type_exam) values (999, 'Examen');
insert into exam (code, type_exam) values (1000, 'Examen');
insert into component (id, weight, exam_code) values (989, 2, 989);
insert into component (id, weight, exam_code) values (990, 3, 989);
insert into component (id, weight, exam_code) values (991, 3, 991);
insert into component (id, weight, exam_code) values (992, 1, 992);
insert into component (id, weight, exam_code) values (993, 3, 993);
insert into component (id, weight, exam_code) values (994, 2, 989);
insert into component (id, weight, exam_code) values (995, 1, 995);
insert into component (id, weight, exam_code) values (996, 2, 996);
insert into component (id, weight, exam_code) values (997, 2, 997);
insert into component (id, weight, exam_code) values (998, 1, 998);
insert into component (id, weight, exam_code) values (999, 2, 999);
insert into component (id, weight, exam_code) values (1000, 2, 1000);

insert into teaching_unit_components (teaching_unit_code, components_id) values ('ENSPHCU89', 989);
insert into teaching_unit_components (teaching_unit_code, components_id) values ('ENSPHCU97', 990);
insert into teaching_unit_components (teaching_unit_code, components_id) values ('ENSPHCU98', 991);
insert into teaching_unit_components (teaching_unit_code, components_id) values ('ENSPHDU32', 992);
insert into teaching_unit_components (teaching_unit_code, components_id) values ('ENSPHDU34', 993);
insert into teaching_unit_components (teaching_unit_code, components_id) values ('ENSPHDU36', 994);
insert into teaching_unit_components (teaching_unit_code, components_id) values ('ENSPHDU37', 995);
insert into teaching_unit_components (teaching_unit_code, components_id) values ('ENASPAU7', 996);
insert into teaching_unit_components (teaching_unit_code, components_id) values ('ENASPCU1', 997);
insert into teaching_unit_components (teaching_unit_code, components_id) values ('ENASPCU10', 998);
insert into teaching_unit_components (teaching_unit_code, components_id) values ('ENASPCU11', 999);
insert into teaching_unit_components (teaching_unit_code, components_id) values ('ENASPCU12', 1000);
insert into exam (code, type_exam) values (1989, 'Tp');
insert into exam (code, type_exam) values (1990, 'Tp');
insert into exam (code, type_exam) values (1991, 'Tp');
insert into exam (code, type_exam) values (1992, 'Tp');
insert into exam (code, type_exam) values (1993, 'Tp');
insert into exam (code, type_exam) values (1994, 'Tp');
insert into exam (code, type_exam) values (1995, 'Tp');
insert into exam (code, type_exam) values (1996, 'Tp');
insert into exam (code, type_exam) values (1997, 'Tp');
insert into exam (code, type_exam) values (1998, 'Tp');
insert into exam (code, type_exam) values (1999, 'Tp');
insert into exam (code, type_exam) values (2000, 'Tp');
insert into component (id, weight, exam_code) values (1989, 3, 1989);
insert into component (id, weight, exam_code) values (1990, 1, 1990);
insert into component (id, weight, exam_code) values (1991, 2, 1991);
insert into component (id, weight, exam_code) values (1992, 2, 1992);
insert into component (id, weight, exam_code) values (1993, 2, 1993);
insert into component (id, weight, exam_code) values (1994, 2, 1994);
insert into component (id, weight, exam_code) values (1995, 3, 1995);
insert into component (id, weight, exam_code) values (1996, 1, 1996);
insert into component (id, weight, exam_code) values (1997, 2, 1997);
insert into component (id, weight, exam_code) values (1998, 2, 1998);
insert into component (id, weight, exam_code) values (1999, 3, 1999);
insert into component (id, weight, exam_code) values (2000, 3, 2000);
insert into teaching_unit_components (teaching_unit_code, components_id) values ('ENSPHCU89', 1989);
insert into teaching_unit_components (teaching_unit_code, components_id) values ('ENSPHCU97', 1990);
insert into teaching_unit_components (teaching_unit_code, components_id) values ('ENSPHCU98', 1991);
insert into teaching_unit_components (teaching_unit_code, components_id) values ('ENSPHDU32', 1992);
insert into teaching_unit_components (teaching_unit_code, components_id) values ('ENSPHDU34', 1993);
insert into teaching_unit_components (teaching_unit_code, components_id) values ('ENSPHDU36', 1994);
insert into teaching_unit_components (teaching_unit_code, components_id) values ('ENSPHDU37', 1995);
insert into teaching_unit_components (teaching_unit_code, components_id) values ('ENASPAU7', 1996);
insert into teaching_unit_components (teaching_unit_code, components_id) values ('ENASPCU1', 1997);
insert into teaching_unit_components (teaching_unit_code, components_id) values ('ENASPCU10', 1998);
insert into teaching_unit_components (teaching_unit_code, components_id) values ('ENASPCU11', 1999);
insert into teaching_unit_components (teaching_unit_code, components_id) values ('ENASPCU12', 2000);
insert into exam (code, type_exam) values (2989, 'Devoir');
insert into exam (code, type_exam) values (2990, 'Devoir');
insert into exam (code, type_exam) values (2991, 'Devoir');
insert into exam (code, type_exam) values (2992, 'Devoir');
insert into exam (code, type_exam) values (2993, 'Devoir');
insert into exam (code, type_exam) values (2994, 'Devoir');
insert into exam (code, type_exam) values (2995, 'Devoir');
insert into exam (code, type_exam) values (2996, 'Devoir');
insert into exam (code, type_exam) values (2997, 'Devoir');
insert into exam (code, type_exam) values (2998, 'Devoir');
insert into exam (code, type_exam) values (2999, 'Devoir');
insert into exam (code, type_exam) values (3000, 'Devoir');
insert into component (id, weight, exam_code) values (2989, 1, 2989);
insert into component (id, weight, exam_code) values (2990, 2, 2990);
insert into component (id, weight, exam_code) values (2991, 2, 2991);
insert into component (id, weight, exam_code) values (2992, 2, 2992);
insert into component (id, weight, exam_code) values (2993, 1, 2993);
insert into component (id, weight, exam_code) values (2994, 2, 2994);
insert into component (id, weight, exam_code) values (2995, 3, 2995);
insert into component (id, weight, exam_code) values (2996, 2, 2996);
insert into component (id, weight, exam_code) values (2997, 1, 2997);
insert into component (id, weight, exam_code) values (2998, 1, 2998);
insert into component (id, weight, exam_code) values (2999, 2, 2999);
insert into component (id, weight, exam_code) values (3000, 2, 3000);

insert into teaching_unit_components (teaching_unit_code, components_id) values ('ENSPHCU89', 2989);
insert into teaching_unit_components (teaching_unit_code, components_id) values ('ENSPHCU97', 2990);
insert into teaching_unit_components (teaching_unit_code, components_id) values ('ENSPHCU98', 2991);
insert into teaching_unit_components (teaching_unit_code, components_id) values ('ENSPHDU32', 2992);
insert into teaching_unit_components (teaching_unit_code, components_id) values ('ENSPHDU34', 2993);
insert into teaching_unit_components (teaching_unit_code, components_id) values ('ENSPHDU36', 2994);
insert into teaching_unit_components (teaching_unit_code, components_id) values ('ENSPHDU37', 2995);
insert into teaching_unit_components (teaching_unit_code, components_id) values ('ENASPAU7', 2996);
insert into teaching_unit_components (teaching_unit_code, components_id) values ('ENASPCU1', 2997);
insert into teaching_unit_components (teaching_unit_code, components_id) values ('ENASPCU10', 2998);
insert into teaching_unit_components (teaching_unit_code, components_id) values ('ENASPCU11', 2999);
insert into teaching_unit_components (teaching_unit_code, components_id) values ('ENASPCU12', 3000);




